<?xml version="1.0" encoding="UTF-8"?>
<rss version="2.0" xmlns:ror="http://rorweb.com/0.1/" >
<channel>
  <title>ROR Sitemap for http://philosophyinlife.github.io/blog</title>
  <link>http://philosophyinlife.github.io/blog</link>

<item>
     <link>http://philosophyinlife.github.io/blog/</link>
     <title>Philosophy of Life and Happiness</title>
     <description>Life is about living, happiness is about quality of living.</description>
     <ror:updatePeriod>monthly</ror:updatePeriod>
     <ror:sortOrder>0</ror:sortOrder>
     <ror:resourceOf>sitemap</ror:resourceOf>
</item>
<item>
     <link>http://philosophyinlife.github.io/blog/about/</link>
     <title>About - Philosophy of Life and Happiness</title>
     <description>Life is about living, happiness is about quality of living.</description>
     <ror:updatePeriod>monthly</ror:updatePeriod>
     <ror:sortOrder>1</ror:sortOrder>
     <ror:resourceOf>sitemap</ror:resourceOf>
</item>
<item>
     <link>http://philosophyinlife.github.io/blog/contact/</link>
     <title>Contact - Philosophy of Life and Happiness</title>
     <description>Life is about living, happiness is about quality of living.</description>
     <ror:updatePeriod>monthly</ror:updatePeriod>
     <ror:sortOrder>1</ror:sortOrder>
     <ror:resourceOf>sitemap</ror:resourceOf>
</item>
<item>
     <link>http://philosophyinlife.github.io/blog/money-important-omnipotent/</link>
     <title>Money Important or Omnipotent - Philosophy of Life and Happiness</title>
     <description>Life is about living, happiness is about quality of living.</description>
     <ror:updatePeriod>monthly</ror:updatePeriod>
     <ror:sortOrder>1</ror:sortOrder>
     <ror:resourceOf>sitemap</ror:resourceOf>
</item>
<item>
     <link>http://philosophyinlife.github.io/blog/law-attraction/</link>
     <title>Philosophy in Law of Attraction Vs Positive Thinking - Philosophy of Life and Happiness</title>
     <description>Life is about living, happiness is about quality of living.</description>
     <ror:updatePeriod>monthly</ror:updatePeriod>
     <ror:sortOrder>1</ror:sortOrder>
     <ror:resourceOf>sitemap</ror:resourceOf>
</item>
<item>
     <link>http://philosophyinlife.github.io/blog/happy-christmas/</link>
     <title>Happy Christmas - Philosophy of Life and Happiness</title>
     <description>Life is about living, happiness is about quality of living.</description>
     <ror:updatePeriod>monthly</ror:updatePeriod>
     <ror:sortOrder>1</ror:sortOrder>
     <ror:resourceOf>sitemap</ror:resourceOf>
</item>
<item>
     <link>http://philosophyinlife.github.io/blog/yogic-mind-spiritual-progress/</link>
     <title>Yogic Mind in Spiritual Progress - Philosophy of Life and Happiness</title>
     <description>Life is about living, happiness is about quality of living.</description>
     <ror:updatePeriod>monthly</ror:updatePeriod>
     <ror:sortOrder>1</ror:sortOrder>
     <ror:resourceOf>sitemap</ror:resourceOf>
</item>
<item>
     <link>http://philosophyinlife.github.io/blog/mental-purity-fold-yoga/</link>
     <title>Mental Purity &amp;#038; Three Fold Yoga - Philosophy of Life and Happiness</title>
     <description>Life is about living, happiness is about quality of living.</description>
     <ror:updatePeriod>monthly</ror:updatePeriod>
     <ror:sortOrder>1</ror:sortOrder>
     <ror:resourceOf>sitemap</ror:resourceOf>
</item>
<item>
     <link>http://philosophyinlife.github.io/blog/page2/</link>
     <title>Philosophy of Life and Happiness</title>
     <description>Life is about living, happiness is about quality of living.</description>
     <ror:updatePeriod>monthly</ror:updatePeriod>
     <ror:sortOrder>1</ror:sortOrder>
     <ror:resourceOf>sitemap</ror:resourceOf>
</item>
<item>
     <link>http://philosophyinlife.github.io/blog/spirituality-basis-happiness/</link>
     <title>Spirituality is The Basis for Happiness - Philosophy of Life and Happiness</title>
     <description>Life is about living, happiness is about quality of living.</description>
     <ror:updatePeriod>monthly</ror:updatePeriod>
     <ror:sortOrder>2</ror:sortOrder>
     <ror:resourceOf>sitemap</ror:resourceOf>
</item>
<item>
     <link>http://philosophyinlife.github.io/blog/10-tips-create-purposeful-living/</link>
     <title>10 Tips to Create More Purposeful Living - Philosophy of Life and Happiness</title>
     <description>Life is about living, happiness is about quality of living.</description>
     <ror:updatePeriod>monthly</ror:updatePeriod>
     <ror:sortOrder>2</ror:sortOrder>
     <ror:resourceOf>sitemap</ror:resourceOf>
</item>
<item>
     <link>http://philosophyinlife.github.io/blog/learning-meaning-life-nature/</link>
     <title>Learning Meaning of Life from Nature - Philosophy of Life and Happiness</title>
     <description>Life is about living, happiness is about quality of living.</description>
     <ror:updatePeriod>monthly</ror:updatePeriod>
     <ror:sortOrder>2</ror:sortOrder>
     <ror:resourceOf>sitemap</ror:resourceOf>
</item>
<item>
     <link>http://philosophyinlife.github.io/blog/sadhaks-hinduism-spirituality/</link>
     <title>Sadhaka&amp;#8217;s of Hinduism and Spirituality - Philosophy of Life and Happiness</title>
     <description>Life is about living, happiness is about quality of living.</description>
     <ror:updatePeriod>monthly</ror:updatePeriod>
     <ror:sortOrder>2</ror:sortOrder>
     <ror:resourceOf>sitemap</ror:resourceOf>
</item>
<item>
     <link>http://philosophyinlife.github.io/blog/real-purpose-meaning-life/</link>
     <title>What Is the Real Purpose and Meaning of Life - Philosophy of Life and Happiness</title>
     <description>Life is about living, happiness is about quality of living.</description>
     <ror:updatePeriod>monthly</ror:updatePeriod>
     <ror:sortOrder>2</ror:sortOrder>
     <ror:resourceOf>sitemap</ror:resourceOf>
</item>
<item>
     <link>http://philosophyinlife.github.io/blog/page3/</link>
     <title>Philosophy of Life and Happiness</title>
     <description>Life is about living, happiness is about quality of living.</description>
     <ror:updatePeriod>monthly</ror:updatePeriod>
     <ror:sortOrder>2</ror:sortOrder>
     <ror:resourceOf>sitemap</ror:resourceOf>
</item>
<item>
     <link>http://philosophyinlife.github.io/blog/making-meaningful-life/</link>
     <title>Making A Meaningful Life - Philosophy of Life and Happiness</title>
     <description>Life is about living, happiness is about quality of living.</description>
     <ror:updatePeriod>monthly</ror:updatePeriod>
     <ror:sortOrder>3</ror:sortOrder>
     <ror:resourceOf>sitemap</ror:resourceOf>
</item>
<item>
     <link>http://philosophyinlife.github.io/blog/what-is-meaning-of-life/</link>
     <title>What Is The Meaning of The Life - Philosophy of Life and Happiness</title>
     <description>Life is about living, happiness is about quality of living.</description>
     <ror:updatePeriod>monthly</ror:updatePeriod>
     <ror:sortOrder>3</ror:sortOrder>
     <ror:resourceOf>sitemap</ror:resourceOf>
</item>
<item>
     <link>http://philosophyinlife.github.io/blog/happy-year-2011/</link>
     <title>Happy New Year 2011 - Philosophy of Life and Happiness</title>
     <description>Life is about living, happiness is about quality of living.</description>
     <ror:updatePeriod>monthly</ror:updatePeriod>
     <ror:sortOrder>3</ror:sortOrder>
     <ror:resourceOf>sitemap</ror:resourceOf>
</item>
<item>
     <link>http://philosophyinlife.github.io/blog/adopting-postive-approach-life-improve-positive-thoughts/</link>
     <title>Adopting Positive Approach In Life Can Improve Positive Thoughts - Philosophy of Life and Happiness</title>
     <description>Life is about living, happiness is about quality of living.</description>
     <ror:updatePeriod>monthly</ror:updatePeriod>
     <ror:sortOrder>3</ror:sortOrder>
     <ror:resourceOf>sitemap</ror:resourceOf>
</item>
<item>
     <link>http://philosophyinlife.github.io/blog/philosophy-positive-thinking/</link>
     <title>Philosophy of Positive Thinking - Philosophy of Life and Happiness</title>
     <description>Life is about living, happiness is about quality of living.</description>
     <ror:updatePeriod>monthly</ror:updatePeriod>
     <ror:sortOrder>3</ror:sortOrder>
     <ror:resourceOf>sitemap</ror:resourceOf>
</item>
<item>
     <link>http://philosophyinlife.github.io/blog/page4/</link>
     <title>Philosophy of Life and Happiness</title>
     <description>Life is about living, happiness is about quality of living.</description>
     <ror:updatePeriod>monthly</ror:updatePeriod>
     <ror:sortOrder>3</ror:sortOrder>
     <ror:resourceOf>sitemap</ror:resourceOf>
</item>
<item>
     <link>http://philosophyinlife.github.io/blog/philosophy-of-chakras-introduction/</link>
     <title>Philosophy of Chakras &amp;#8211; A Brief Introduction - Philosophy of Life and Happiness</title>
     <description>Life is about living, happiness is about quality of living.</description>
     <ror:updatePeriod>monthly</ror:updatePeriod>
     <ror:sortOrder>4</ror:sortOrder>
     <ror:resourceOf>sitemap</ror:resourceOf>
</item>
<item>
     <link>http://philosophyinlife.github.io/blog/basic-philosophies-life-video/</link>
     <title>Philosophy of Life Video - Philosophy of Life and Happiness</title>
     <description>Life is about living, happiness is about quality of living.</description>
     <ror:updatePeriod>monthly</ror:updatePeriod>
     <ror:sortOrder>4</ror:sortOrder>
     <ror:resourceOf>sitemap</ror:resourceOf>
</item>
<item>
     <link>http://philosophyinlife.github.io/blog/intentions-powerful-justifications/</link>
     <title>Intentions Are Powerful Justifications - Philosophy of Life and Happiness</title>
     <description>Life is about living, happiness is about quality of living.</description>
     <ror:updatePeriod>monthly</ror:updatePeriod>
     <ror:sortOrder>4</ror:sortOrder>
     <ror:resourceOf>sitemap</ror:resourceOf>
</item>
<item>
     <link>http://philosophyinlife.github.io/blog/philosophical-meaning-life/</link>
     <title>What is the Philosophical Meaning of Life - Philosophy of Life and Happiness</title>
     <description>Life is about living, happiness is about quality of living.</description>
     <ror:updatePeriod>monthly</ror:updatePeriod>
     <ror:sortOrder>4</ror:sortOrder>
     <ror:resourceOf>sitemap</ror:resourceOf>
</item>
<item>
     <link>http://philosophyinlife.github.io/blog/philosophy-of-manifestation/</link>
     <title>Philosophy of Money and Manifestation - Philosophy of Life and Happiness</title>
     <description>Life is about living, happiness is about quality of living.</description>
     <ror:updatePeriod>monthly</ror:updatePeriod>
     <ror:sortOrder>4</ror:sortOrder>
     <ror:resourceOf>sitemap</ror:resourceOf>
</item>
<item>
     <link>http://philosophyinlife.github.io/blog/page5/</link>
     <title>Philosophy of Life and Happiness</title>
     <description>Life is about living, happiness is about quality of living.</description>
     <ror:updatePeriod>monthly</ror:updatePeriod>
     <ror:sortOrder>4</ror:sortOrder>
     <ror:resourceOf>sitemap</ror:resourceOf>
</item>
<item>
     <link>http://philosophyinlife.github.io/blog/expectations-life-result-errors/</link>
     <title>Expectations In Life Result In Errors - Philosophy of Life and Happiness</title>
     <description>Life is about living, happiness is about quality of living.</description>
     <ror:updatePeriod>monthly</ror:updatePeriod>
     <ror:sortOrder>5</ror:sortOrder>
     <ror:resourceOf>sitemap</ror:resourceOf>
</item>
<item>
     <link>http://philosophyinlife.github.io/blog/happiness-is-a-social-virtue/</link>
     <title>Happiness is A Social Virtue - Philosophy of Life and Happiness</title>
     <description>Life is about living, happiness is about quality of living.</description>
     <ror:updatePeriod>monthly</ror:updatePeriod>
     <ror:sortOrder>5</ror:sortOrder>
     <ror:resourceOf>sitemap</ror:resourceOf>
</item>
<item>
     <link>http://philosophyinlife.github.io/blog/honesty-leads-to-happiness/</link>
     <title>Honesty leads to Happiness - Philosophy of Life and Happiness</title>
     <description>Life is about living, happiness is about quality of living.</description>
     <ror:updatePeriod>monthly</ror:updatePeriod>
     <ror:sortOrder>5</ror:sortOrder>
     <ror:resourceOf>sitemap</ror:resourceOf>
</item>
<item>
     <link>http://philosophyinlife.github.io/blog/honesty-is-a-keyword/</link>
     <title>Honesty Is A Keyword - Philosophy of Life and Happiness</title>
     <description>Life is about living, happiness is about quality of living.</description>
     <ror:updatePeriod>monthly</ror:updatePeriod>
     <ror:sortOrder>5</ror:sortOrder>
     <ror:resourceOf>sitemap</ror:resourceOf>
</item>
<item>
     <link>http://philosophyinlife.github.io/blog/online-virtual-society-on-internet/</link>
     <title>Online Virtual Society On Internet - Philosophy of Life and Happiness</title>
     <description>Life is about living, happiness is about quality of living.</description>
     <ror:updatePeriod>monthly</ror:updatePeriod>
     <ror:sortOrder>5</ror:sortOrder>
     <ror:resourceOf>sitemap</ror:resourceOf>
</item>
<item>
     <link>http://philosophyinlife.github.io/blog/page6/</link>
     <title>Philosophy of Life and Happiness</title>
     <description>Life is about living, happiness is about quality of living.</description>
     <ror:updatePeriod>monthly</ror:updatePeriod>
     <ror:sortOrder>5</ror:sortOrder>
     <ror:resourceOf>sitemap</ror:resourceOf>
</item>
<item>
     <link>http://philosophyinlife.github.io/blog/internet-and-philosophy/</link>
     <title>Internet and Philosophy - Philosophy of Life and Happiness</title>
     <description>Life is about living, happiness is about quality of living.</description>
     <ror:updatePeriod>monthly</ror:updatePeriod>
     <ror:sortOrder>6</ror:sortOrder>
     <ror:resourceOf>sitemap</ror:resourceOf>
</item>
<item>
     <link>http://philosophyinlife.github.io/blog/hypnosis-for-positive-thinking/</link>
     <title>Hypnosis for Positive Thinking - Philosophy of Life and Happiness</title>
     <description>Life is about living, happiness is about quality of living.</description>
     <ror:updatePeriod>monthly</ror:updatePeriod>
     <ror:sortOrder>6</ror:sortOrder>
     <ror:resourceOf>sitemap</ror:resourceOf>
</item>
<item>
     <link>http://philosophyinlife.github.io/blog/logic-philosophy-and-moral-values/</link>
     <title>Logic, Philosophy and Moral Values - Philosophy of Life and Happiness</title>
     <description>Life is about living, happiness is about quality of living.</description>
     <ror:updatePeriod>monthly</ror:updatePeriod>
     <ror:sortOrder>6</ror:sortOrder>
     <ror:resourceOf>sitemap</ror:resourceOf>
</item>
<item>
     <link>http://philosophyinlife.github.io/blog/role-of-difficulties-and-problems-in-our-life/</link>
     <title>Role of Difficulties and Problems in Our Life - Philosophy of Life and Happiness</title>
     <description>Life is about living, happiness is about quality of living.</description>
     <ror:updatePeriod>monthly</ror:updatePeriod>
     <ror:sortOrder>6</ror:sortOrder>
     <ror:resourceOf>sitemap</ror:resourceOf>
</item>
<item>
     <link>http://philosophyinlife.github.io/blog/happiness-is-a-decision/</link>
     <title>Happiness Is A Decision - Philosophy of Life and Happiness</title>
     <description>Life is about living, happiness is about quality of living.</description>
     <ror:updatePeriod>monthly</ror:updatePeriod>
     <ror:sortOrder>6</ror:sortOrder>
     <ror:resourceOf>sitemap</ror:resourceOf>
</item>
<item>
     <link>http://philosophyinlife.github.io/blog/page7/</link>
     <title>Philosophy of Life and Happiness</title>
     <description>Life is about living, happiness is about quality of living.</description>
     <ror:updatePeriod>monthly</ror:updatePeriod>
     <ror:sortOrder>6</ror:sortOrder>
     <ror:resourceOf>sitemap</ror:resourceOf>
</item>
<item>
     <link>http://philosophyinlife.github.io/blog/philosophy-of-honesty/</link>
     <title>Philosophy of Honesty - Philosophy of Life and Happiness</title>
     <description>Life is about living, happiness is about quality of living.</description>
     <ror:updatePeriod>monthly</ror:updatePeriod>
     <ror:sortOrder>7</ror:sortOrder>
     <ror:resourceOf>sitemap</ror:resourceOf>
</item>
<item>
     <link>http://philosophyinlife.github.io/blog/role-of-happiness-in-a-meaningful-life/</link>
     <title>Role of Happiness in A Meaningful Life? - Philosophy of Life and Happiness</title>
     <description>Life is about living, happiness is about quality of living.</description>
     <ror:updatePeriod>monthly</ror:updatePeriod>
     <ror:sortOrder>7</ror:sortOrder>
     <ror:resourceOf>sitemap</ror:resourceOf>
</item>
<item>
     <link>http://philosophyinlife.github.io/blog/philosophy-happiness/</link>
     <title>Philosophy Happiness - Philosophy of Life and Happiness</title>
     <description>Life is about living, happiness is about quality of living.</description>
     <ror:updatePeriod>monthly</ror:updatePeriod>
     <ror:sortOrder>7</ror:sortOrder>
     <ror:resourceOf>sitemap</ror:resourceOf>
</item>
<item>
     <link>http://philosophyinlife.github.io/blog/where-can-we-find-happiness/</link>
     <title>Where Can We Find Happiness? - Philosophy of Life and Happiness</title>
     <description>Life is about living, happiness is about quality of living.</description>
     <ror:updatePeriod>monthly</ror:updatePeriod>
     <ror:sortOrder>7</ror:sortOrder>
     <ror:resourceOf>sitemap</ror:resourceOf>
</item>
<item>
     <link>http://philosophyinlife.github.io/blog/philosophy-of-happiness-2/</link>
     <title>Philosophy of Happiness - Philosophy of Life and Happiness</title>
     <description>Life is about living, happiness is about quality of living.</description>
     <ror:updatePeriod>monthly</ror:updatePeriod>
     <ror:sortOrder>7</ror:sortOrder>
     <ror:resourceOf>sitemap</ror:resourceOf>
</item>
<item>
     <link>http://philosophyinlife.github.io/blog/page8/</link>
     <title>Philosophy of Life and Happiness</title>
     <description>Life is about living, happiness is about quality of living.</description>
     <ror:updatePeriod>monthly</ror:updatePeriod>
     <ror:sortOrder>7</ror:sortOrder>
     <ror:resourceOf>sitemap</ror:resourceOf>
</item>
<item>
     <link>http://philosophyinlife.github.io/blog/everybody-has-a-right-to-survive/</link>
     <title>Everybody Has a Right to Survive - Philosophy of Life and Happiness</title>
     <description>Life is about living, happiness is about quality of living.</description>
     <ror:updatePeriod>monthly</ror:updatePeriod>
     <ror:sortOrder>8</ror:sortOrder>
     <ror:resourceOf>sitemap</ror:resourceOf>
</item>
<item>
     <link>http://philosophyinlife.github.io/blog/philosophy-of-love/</link>
     <title>Philosophy of Love - Philosophy of Life and Happiness</title>
     <description>Life is about living, happiness is about quality of living.</description>
     <ror:updatePeriod>monthly</ror:updatePeriod>
     <ror:sortOrder>8</ror:sortOrder>
     <ror:resourceOf>sitemap</ror:resourceOf>
</item>
<item>
     <link>http://philosophyinlife.github.io/blog/philosophy-of-love-vs-lust/</link>
     <title>Philosophy of Love Vs Lust - Philosophy of Life and Happiness</title>
     <description>Life is about living, happiness is about quality of living.</description>
     <ror:updatePeriod>monthly</ror:updatePeriod>
     <ror:sortOrder>8</ror:sortOrder>
     <ror:resourceOf>sitemap</ror:resourceOf>
</item>
<item>
     <link>http://philosophyinlife.github.io/blog/every-problem-in-life-has-some-solution/</link>
     <title>Every Problem in Life Has Some Solution - Philosophy of Life and Happiness</title>
     <description>Life is about living, happiness is about quality of living.</description>
     <ror:updatePeriod>monthly</ror:updatePeriod>
     <ror:sortOrder>8</ror:sortOrder>
     <ror:resourceOf>sitemap</ror:resourceOf>
</item>
<item>
     <link>http://philosophyinlife.github.io/blog/life-is-simple-and-easy-enjoy-life/</link>
     <title>Life Is Simple and Easy, Enjoy Life - Philosophy of Life and Happiness</title>
     <description>Life is about living, happiness is about quality of living.</description>
     <ror:updatePeriod>monthly</ror:updatePeriod>
     <ror:sortOrder>8</ror:sortOrder>
     <ror:resourceOf>sitemap</ror:resourceOf>
</item>
<item>
     <link>http://philosophyinlife.github.io/blog/page9/</link>
     <title>Philosophy of Life and Happiness</title>
     <description>Life is about living, happiness is about quality of living.</description>
     <ror:updatePeriod>monthly</ror:updatePeriod>
     <ror:sortOrder>8</ror:sortOrder>
     <ror:resourceOf>sitemap</ror:resourceOf>
</item>
<item>
     <link>http://philosophyinlife.github.io/blog/can-philosophy-exist-without-logic/</link>
     <title>Can Philosophy Exist without Logic? - Philosophy of Life and Happiness</title>
     <description>Life is about living, happiness is about quality of living.</description>
     <ror:updatePeriod>monthly</ror:updatePeriod>
     <ror:sortOrder>9</ror:sortOrder>
     <ror:resourceOf>sitemap</ror:resourceOf>
</item>
<item>
     <link>http://philosophyinlife.github.io/blog/logic-and-philosophy/</link>
     <title>Logic and Philosophy - Philosophy of Life and Happiness</title>
     <description>Life is about living, happiness is about quality of living.</description>
     <ror:updatePeriod>monthly</ror:updatePeriod>
     <ror:sortOrder>9</ror:sortOrder>
     <ror:resourceOf>sitemap</ror:resourceOf>
</item>
<item>
     <link>http://philosophyinlife.github.io/blog/philosophy-of-work-money-happiness/</link>
     <title>Philosophy of Work, Money &amp;#038; Happiness Part-III - Philosophy of Life and Happiness</title>
     <description>Life is about living, happiness is about quality of living.</description>
     <ror:updatePeriod>monthly</ror:updatePeriod>
     <ror:sortOrder>9</ror:sortOrder>
     <ror:resourceOf>sitemap</ror:resourceOf>
</item>
<item>
     <link>http://philosophyinlife.github.io/blog/philosophy-of-work/</link>
     <title>Philosophy of Work Part-II - Philosophy of Life and Happiness</title>
     <description>Life is about living, happiness is about quality of living.</description>
     <ror:updatePeriod>monthly</ror:updatePeriod>
     <ror:sortOrder>9</ror:sortOrder>
     <ror:resourceOf>sitemap</ror:resourceOf>
</item>
<item>
     <link>http://philosophyinlife.github.io/blog/modern-philosophy-of-work-and-money/</link>
     <title>Modern Philosophy of Work and Money – Part I - Philosophy of Life and Happiness</title>
     <description>Life is about living, happiness is about quality of living.</description>
     <ror:updatePeriod>monthly</ror:updatePeriod>
     <ror:sortOrder>9</ror:sortOrder>
     <ror:resourceOf>sitemap</ror:resourceOf>
</item>
<item>
     <link>http://philosophyinlife.github.io/blog/page10/</link>
     <title>Philosophy of Life and Happiness</title>
     <description>Life is about living, happiness is about quality of living.</description>
     <ror:updatePeriod>monthly</ror:updatePeriod>
     <ror:sortOrder>9</ror:sortOrder>
     <ror:resourceOf>sitemap</ror:resourceOf>
</item>
<item>
     <link>http://philosophyinlife.github.io/blog/imagination-leads-to-realization/</link>
     <title>Imagination Leads to Realization - Philosophy of Life and Happiness</title>
     <description>Life is about living, happiness is about quality of living.</description>
     <ror:updatePeriod>monthly</ror:updatePeriod>
     <ror:sortOrder>10</ror:sortOrder>
     <ror:resourceOf>sitemap</ror:resourceOf>
</item>
<item>
     <link>http://philosophyinlife.github.io/blog/philosophy-of-happiness/</link>
     <title>Philosophy of Happiness - Philosophy of Life and Happiness</title>
     <description>Life is about living, happiness is about quality of living.</description>
     <ror:updatePeriod>monthly</ror:updatePeriod>
     <ror:sortOrder>10</ror:sortOrder>
     <ror:resourceOf>sitemap</ror:resourceOf>
</item>
<item>
     <link>http://philosophyinlife.github.io/blog/what-is-happiness/</link>
     <title>What is Happiness? Definition of Happiness - Philosophy of Life and Happiness</title>
     <description>Life is about living, happiness is about quality of living.</description>
     <ror:updatePeriod>monthly</ror:updatePeriod>
     <ror:sortOrder>10</ror:sortOrder>
     <ror:resourceOf>sitemap</ror:resourceOf>
</item>
<item>
     <link>http://philosophyinlife.github.io/blog/modern-life-energy-contradiction/</link>
     <title>Modern Life &amp;#038; Energy Contradiction - Philosophy of Life and Happiness</title>
     <description>Life is about living, happiness is about quality of living.</description>
     <ror:updatePeriod>monthly</ror:updatePeriod>
     <ror:sortOrder>10</ror:sortOrder>
     <ror:resourceOf>sitemap</ror:resourceOf>
</item>
<item>
     <link>http://philosophyinlife.github.io/blog/philosophy-of-eternal-blissfulness-a-ceaseless-state-ii/</link>
     <title>Philosophy of Eternal Blissfulness- A Ceaseless State-II - Philosophy of Life and Happiness</title>
     <description>Life is about living, happiness is about quality of living.</description>
     <ror:updatePeriod>monthly</ror:updatePeriod>
     <ror:sortOrder>10</ror:sortOrder>
     <ror:resourceOf>sitemap</ror:resourceOf>
</item>
<item>
     <link>http://philosophyinlife.github.io/blog/page11/</link>
     <title>Philosophy of Life and Happiness</title>
     <description>Life is about living, happiness is about quality of living.</description>
     <ror:updatePeriod>monthly</ror:updatePeriod>
     <ror:sortOrder>10</ror:sortOrder>
     <ror:resourceOf>sitemap</ror:resourceOf>
</item>
<item>
     <link>http://philosophyinlife.github.io/blog/everything-in-universe-strive-for-inertness-a-ceaseless-state-of-happiness/</link>
     <title>Everything In Universe Strive for Inertness &amp;#8211; A Ceaseless State of Happiness - Philosophy of Life and Happiness</title>
     <description>Life is about living, happiness is about quality of living.</description>
     <ror:updatePeriod>monthly</ror:updatePeriod>
     <ror:sortOrder>11</ror:sortOrder>
     <ror:resourceOf>sitemap</ror:resourceOf>
</item>
<item>
     <link>http://philosophyinlife.github.io/blog/mystery-of-life-nature/</link>
     <title>Mysteries of Life and Nature - Philosophy of Life and Happiness</title>
     <description>Life is about living, happiness is about quality of living.</description>
     <ror:updatePeriod>monthly</ror:updatePeriod>
     <ror:sortOrder>11</ror:sortOrder>
     <ror:resourceOf>sitemap</ror:resourceOf>
</item>
<item>
     <link>http://philosophyinlife.github.io/blog/attachment-aversion/</link>
     <title>Philosophy of Attachment and Aversion - Philosophy of Life and Happiness</title>
     <description>Life is about living, happiness is about quality of living.</description>
     <ror:updatePeriod>monthly</ror:updatePeriod>
     <ror:sortOrder>11</ror:sortOrder>
     <ror:resourceOf>sitemap</ror:resourceOf>
</item>
<item>
     <link>http://philosophyinlife.github.io/blog/understanding-modern-man/</link>
     <title>Understanding of A Modern Man - Philosophy of Life and Happiness</title>
     <description>Life is about living, happiness is about quality of living.</description>
     <ror:updatePeriod>monthly</ror:updatePeriod>
     <ror:sortOrder>11</ror:sortOrder>
     <ror:resourceOf>sitemap</ror:resourceOf>
</item>
<item>
     <link>http://philosophyinlife.github.io/blog/philosophy-in-philosophers-life/</link>
     <title>Philosophy In Philosopher’s Life - Philosophy of Life and Happiness</title>
     <description>Life is about living, happiness is about quality of living.</description>
     <ror:updatePeriod>monthly</ror:updatePeriod>
     <ror:sortOrder>11</ror:sortOrder>
     <ror:resourceOf>sitemap</ror:resourceOf>
</item>
<item>
     <link>http://philosophyinlife.github.io/blog/page12/</link>
     <title>Philosophy of Life and Happiness</title>
     <description>Life is about living, happiness is about quality of living.</description>
     <ror:updatePeriod>monthly</ror:updatePeriod>
     <ror:sortOrder>11</ror:sortOrder>
     <ror:resourceOf>sitemap</ror:resourceOf>
</item>
<item>
     <link>http://philosophyinlife.github.io/blog/life-an-illusion-of-mind/</link>
     <title>Life An Illusion of Mind - Philosophy of Life and Happiness</title>
     <description>Life is about living, happiness is about quality of living.</description>
     <ror:updatePeriod>monthly</ror:updatePeriod>
     <ror:sortOrder>12</ror:sortOrder>
     <ror:resourceOf>sitemap</ror:resourceOf>
</item>
<item>
     <link>http://philosophyinlife.github.io/blog/attaining-essential-knowledge/</link>
     <title>Attaining Essential Spiritual Knowledge - Philosophy of Life and Happiness</title>
     <description>Life is about living, happiness is about quality of living.</description>
     <ror:updatePeriod>monthly</ror:updatePeriod>
     <ror:sortOrder>12</ror:sortOrder>
     <ror:resourceOf>sitemap</ror:resourceOf>
</item>
<item>
     <link>http://philosophyinlife.github.io/blog/union-transient-separation-constant/</link>
     <title>Union is Transient, Separation is Constant - Philosophy of Life and Happiness</title>
     <description>Life is about living, happiness is about quality of living.</description>
     <ror:updatePeriod>monthly</ror:updatePeriod>
     <ror:sortOrder>12</ror:sortOrder>
     <ror:resourceOf>sitemap</ror:resourceOf>
</item>
<item>
     <link>http://philosophyinlife.github.io/blog/worship-guru-hinduism/</link>
     <title>Worship of Guru in Hinduism - Philosophy of Life and Happiness</title>
     <description>Life is about living, happiness is about quality of living.</description>
     <ror:updatePeriod>monthly</ror:updatePeriod>
     <ror:sortOrder>12</ror:sortOrder>
     <ror:resourceOf>sitemap</ror:resourceOf>
</item>
<item>
     <link>http://philosophyinlife.github.io/blog/certainty-death/</link>
     <title>Certainty of Death - Philosophy of Life and Happiness</title>
     <description>Life is about living, happiness is about quality of living.</description>
     <ror:updatePeriod>monthly</ror:updatePeriod>
     <ror:sortOrder>12</ror:sortOrder>
     <ror:resourceOf>sitemap</ror:resourceOf>
</item>
<item>
     <link>http://philosophyinlife.github.io/blog/page13/</link>
     <title>Philosophy of Life and Happiness</title>
     <description>Life is about living, happiness is about quality of living.</description>
     <ror:updatePeriod>monthly</ror:updatePeriod>
     <ror:sortOrder>12</ror:sortOrder>
     <ror:resourceOf>sitemap</ror:resourceOf>
</item>
<item>
     <link>http://philosophyinlife.github.io/blog/philosophy-sin-virtues-hinduism/</link>
     <title>Philosophy of Sin and Virtues in Hinduism - Philosophy of Life and Happiness</title>
     <description>Life is about living, happiness is about quality of living.</description>
     <ror:updatePeriod>monthly</ror:updatePeriod>
     <ror:sortOrder>13</ror:sortOrder>
     <ror:resourceOf>sitemap</ror:resourceOf>
</item>
<item>
     <link>http://philosophyinlife.github.io/blog/satisfaction-secret-to-happiness-in-life/</link>
     <title>Satisfaction- An Open Secret to Happiness in Life - Philosophy of Life and Happiness</title>
     <description>Life is about living, happiness is about quality of living.</description>
     <ror:updatePeriod>monthly</ror:updatePeriod>
     <ror:sortOrder>13</ror:sortOrder>
     <ror:resourceOf>sitemap</ror:resourceOf>
</item>
<item>
     <link>http://philosophyinlife.github.io/blog/maintaining-natural-health-unnaturally/</link>
     <title>Maintaining Natural Health Unnaturally - Philosophy of Life and Happiness</title>
     <description>Life is about living, happiness is about quality of living.</description>
     <ror:updatePeriod>monthly</ror:updatePeriod>
     <ror:sortOrder>13</ror:sortOrder>
     <ror:resourceOf>sitemap</ror:resourceOf>
</item>
<item>
     <link>http://philosophyinlife.github.io/blog/desires-attachment/</link>
     <title>Desires and Attachment - Philosophy of Life and Happiness</title>
     <description>Life is about living, happiness is about quality of living.</description>
     <ror:updatePeriod>monthly</ror:updatePeriod>
     <ror:sortOrder>13</ror:sortOrder>
     <ror:resourceOf>sitemap</ror:resourceOf>
</item>
<item>
     <link>http://philosophyinlife.github.io/blog/worldly-happiness-sorrow/</link>
     <title>Worldly Happiness and Sorrow - Philosophy of Life and Happiness</title>
     <description>Life is about living, happiness is about quality of living.</description>
     <ror:updatePeriod>monthly</ror:updatePeriod>
     <ror:sortOrder>13</ror:sortOrder>
     <ror:resourceOf>sitemap</ror:resourceOf>
</item>
<item>
     <link>http://philosophyinlife.github.io/blog/page14/</link>
     <title>Philosophy of Life and Happiness</title>
     <description>Life is about living, happiness is about quality of living.</description>
     <ror:updatePeriod>monthly</ror:updatePeriod>
     <ror:sortOrder>13</ror:sortOrder>
     <ror:resourceOf>sitemap</ror:resourceOf>
</item>
<item>
     <link>http://philosophyinlife.github.io/blog/avoid-unnecessary-thoughts/</link>
     <title>How to Avoid Unnecessary Thoughts - Philosophy of Life and Happiness</title>
     <description>Life is about living, happiness is about quality of living.</description>
     <ror:updatePeriod>monthly</ror:updatePeriod>
     <ror:sortOrder>14</ror:sortOrder>
     <ror:resourceOf>sitemap</ror:resourceOf>
</item>
<item>
     <link>http://philosophyinlife.github.io/blog/time-utilize-wisely/</link>
     <title>Utilize Time Wisely - Philosophy of Life and Happiness</title>
     <description>Life is about living, happiness is about quality of living.</description>
     <ror:updatePeriod>monthly</ror:updatePeriod>
     <ror:sortOrder>14</ror:sortOrder>
     <ror:resourceOf>sitemap</ror:resourceOf>
</item>
<item>
     <link>http://philosophyinlife.github.io/blog/acceptance-belief-leads-salvation/</link>
     <title>Acceptance and Belief leads to Salvation - Philosophy of Life and Happiness</title>
     <description>Life is about living, happiness is about quality of living.</description>
     <ror:updatePeriod>monthly</ror:updatePeriod>
     <ror:sortOrder>14</ror:sortOrder>
     <ror:resourceOf>sitemap</ror:resourceOf>
</item>
<item>
     <link>http://philosophyinlife.github.io/blog/god-infinite-incomprehensible/</link>
     <title>God is Infinite, Incomprehensible - Philosophy of Life and Happiness</title>
     <description>Life is about living, happiness is about quality of living.</description>
     <ror:updatePeriod>monthly</ror:updatePeriod>
     <ror:sortOrder>14</ror:sortOrder>
     <ror:resourceOf>sitemap</ror:resourceOf>
</item>
<item>
     <link>http://philosophyinlife.github.io/blog/god/</link>
     <title>Everything is God - Philosophy of Life and Happiness</title>
     <description>Life is about living, happiness is about quality of living.</description>
     <ror:updatePeriod>monthly</ror:updatePeriod>
     <ror:sortOrder>14</ror:sortOrder>
     <ror:resourceOf>sitemap</ror:resourceOf>
</item>
<item>
     <link>http://philosophyinlife.github.io/blog/page15/</link>
     <title>Philosophy of Life and Happiness</title>
     <description>Life is about living, happiness is about quality of living.</description>
     <ror:updatePeriod>monthly</ror:updatePeriod>
     <ror:sortOrder>14</ror:sortOrder>
     <ror:resourceOf>sitemap</ror:resourceOf>
</item>
<item>
     <link>http://philosophyinlife.github.io/blog/sense-root-selfishness-sorrow-suffering/</link>
     <title>Root of Selfishness, Sorrow and Suffering - Philosophy of Life and Happiness</title>
     <description>Life is about living, happiness is about quality of living.</description>
     <ror:updatePeriod>monthly</ror:updatePeriod>
     <ror:sortOrder>15</ror:sortOrder>
     <ror:resourceOf>sitemap</ror:resourceOf>
</item>
<item>
     <link>http://philosophyinlife.github.io/blog/expression-important-spiritual-upliftment/</link>
     <title>Inner Expression is Most Important in Spiritual Upliftment - Philosophy of Life and Happiness</title>
     <description>Life is about living, happiness is about quality of living.</description>
     <ror:updatePeriod>monthly</ror:updatePeriod>
     <ror:sortOrder>15</ror:sortOrder>
     <ror:resourceOf>sitemap</ror:resourceOf>
</item>
<item>
     <link>http://philosophyinlife.github.io/blog/man-the-undisputed-leader-on-planet-earth/</link>
     <title>Man The Undisputed Leader On Planet Earth - Philosophy of Life and Happiness</title>
     <description>Life is about living, happiness is about quality of living.</description>
     <ror:updatePeriod>monthly</ror:updatePeriod>
     <ror:sortOrder>15</ror:sortOrder>
     <ror:resourceOf>sitemap</ror:resourceOf>
</item>
<item>
     <link>http://philosophyinlife.github.io/blog/questions-god/</link>
     <title>Questions About God - Philosophy of Life and Happiness</title>
     <description>Life is about living, happiness is about quality of living.</description>
     <ror:updatePeriod>monthly</ror:updatePeriod>
     <ror:sortOrder>15</ror:sortOrder>
     <ror:resourceOf>sitemap</ror:resourceOf>
</item>
<item>
     <link>http://philosophyinlife.github.io/blog/yoga-wisdom/</link>
     <title>Yoga of Wisdom - Philosophy of Life and Happiness</title>
     <description>Life is about living, happiness is about quality of living.</description>
     <ror:updatePeriod>monthly</ror:updatePeriod>
     <ror:sortOrder>15</ror:sortOrder>
     <ror:resourceOf>sitemap</ror:resourceOf>
</item>
<item>
     <link>http://philosophyinlife.github.io/blog/page16/</link>
     <title>Philosophy of Life and Happiness</title>
     <description>Life is about living, happiness is about quality of living.</description>
     <ror:updatePeriod>monthly</ror:updatePeriod>
     <ror:sortOrder>15</ror:sortOrder>
     <ror:resourceOf>sitemap</ror:resourceOf>
</item>
<item>
     <link>http://philosophyinlife.github.io/blog/philosophy-meditation-gita/</link>
     <title>Philosophy of Meditation in Gita - Philosophy of Life and Happiness</title>
     <description>Life is about living, happiness is about quality of living.</description>
     <ror:updatePeriod>monthly</ror:updatePeriod>
     <ror:sortOrder>16</ror:sortOrder>
     <ror:resourceOf>sitemap</ror:resourceOf>
</item>
<item>
     <link>http://philosophyinlife.github.io/blog/dear-god/</link>
     <title>Who is Dear to God? - Philosophy of Life and Happiness</title>
     <description>Life is about living, happiness is about quality of living.</description>
     <ror:updatePeriod>monthly</ror:updatePeriod>
     <ror:sortOrder>16</ror:sortOrder>
     <ror:resourceOf>sitemap</ror:resourceOf>
</item>
<item>
     <link>http://philosophyinlife.github.io/blog/a-game-of-pleasure-or-pain/</link>
     <title>A GAME OF PLEASURE OR PAIN - Philosophy of Life and Happiness</title>
     <description>Life is about living, happiness is about quality of living.</description>
     <ror:updatePeriod>monthly</ror:updatePeriod>
     <ror:sortOrder>16</ror:sortOrder>
     <ror:resourceOf>sitemap</ror:resourceOf>
</item>
<item>
     <link>http://philosophyinlife.github.io/blog/infinite-loop-of-life/</link>
     <title>Infinite Loop of Life - Philosophy of Life and Happiness</title>
     <description>Life is about living, happiness is about quality of living.</description>
     <ror:updatePeriod>monthly</ror:updatePeriod>
     <ror:sortOrder>16</ror:sortOrder>
     <ror:resourceOf>sitemap</ror:resourceOf>
</item>
<item>
     <link>http://philosophyinlife.github.io/blog/life-its-philosophy-and-views/</link>
     <title>Life, its Philosophy and Views - Philosophy of Life and Happiness</title>
     <description>Life is about living, happiness is about quality of living.</description>
     <ror:updatePeriod>monthly</ror:updatePeriod>
     <ror:sortOrder>16</ror:sortOrder>
     <ror:resourceOf>sitemap</ror:resourceOf>
</item>
<item>
     <link>http://philosophyinlife.github.io/blog/page17/</link>
     <title>Philosophy of Life and Happiness</title>
     <description>Life is about living, happiness is about quality of living.</description>
     <ror:updatePeriod>monthly</ror:updatePeriod>
     <ror:sortOrder>16</ror:sortOrder>
     <ror:resourceOf>sitemap</ror:resourceOf>
</item>
<item>
     <link>http://philosophyinlife.github.io/blog/improve-family-life/</link>
     <title>How to Improve Family Life - Philosophy of Life and Happiness</title>
     <description>Life is about living, happiness is about quality of living.</description>
     <ror:updatePeriod>monthly</ror:updatePeriod>
     <ror:sortOrder>17</ror:sortOrder>
     <ror:resourceOf>sitemap</ror:resourceOf>
</item>
</channel>
</rss>
  